ItemID,DisplayTitle,ShortSummary,VariantOfPrevious,Matcode,MaterialDescription,MRP,CaseCount,EAN,SubCategory,Brand,Category,BrandImgURL,ProductImgURL,ProductDiscountPercentage,CategoryImageURL,SubCategoryImageURL,VAT,SupplierBusinessName,LeadTimeForDelivery
8901058816242,EVERYDAY Dairy Whitening Pwdr 20g ,Made with high quality milk,,,NESTLE EVERYDAY is your Tea's perfect partner.,10,288,8901058816242,Dairy & Bakery,NESTLE EVERYDAY ,Food&Beverage,/appcontent/images/brand/nestle/01_everyday_dairy_whitener_logo.jpg,/appcontent/images/brand/nestle/01_everyday_dairy_whitener_logo.jpg,7.4,/appcontent/images/category/foods-beverages.png,/appcontent/images/category/Foodsbeverages/dairy-bakery.png,14.5,Nestle,3-4 days
8901058816129,NESTLE EVERYDAY DW 200g ,Made with high quality milk,Y,,NESTLE EVERYDAY is your Tea's perfect partner.,88,72,8901058816129,Dairy & Bakery,NESTLE EVERYDAY ,Food&Beverage,/appcontent/images/brand/nestle/01_everyday_dairy_whitener_logo.jpg,/appcontent/images/brand/nestle/01_everyday_dairy_whitener_logo.jpg,7.39,/appcontent/images/category/foods-beverages.png,/appcontent/images/category/Foodsbeverages/dairy-bakery.png,14.5,Nestle,3-4 days
8901058143546,NESTLE EVERYDAY DW 400g ,Made with high quality milk,Y,,NESTLE EVERYDAY is your Tea's perfect partner.,174,32,8901058143546,Dairy & Bakery,NESTLE EVERYDAY ,Food&Beverage,/appcontent/images/brand/nestle/01_everyday_dairy_whitener_logo.jpg,/appcontent/images/brand/nestle/01_everyday_dairy_whitener_logo.jpg,7.41,/appcontent/images/category/foods-beverages.png,/appcontent/images/category/Foodsbeverages/dairy-bakery.png,14.5,Nestle,3-4 days
8901058840117,EVERYDAY DW 108x100g ,Made with high quality milk,Y,,NESTLE EVERYDAY is your Tea's perfect partner.,48,108,8901058840117,Dairy & Bakery,NESTLE EVERYDAY ,Food&Beverage,/appcontent/images/brand/nestle/01_everyday_dairy_whitener_logo.jpg,/appcontent/images/brand/nestle/01_everyday_dairy_whitener_logo.jpg,7.41,/appcontent/images/category/foods-beverages.png,/appcontent/images/category/Foodsbeverages/dairy-bakery.png,14.5,Nestle,3-4 days
8901058816044,EVERYDAY DW 1 Kg ,Made with high quality milk,Y,,NESTLE EVERYDAY is your Tea's perfect partner.,425,12,8901058816044,Dairy & Bakery,NESTLE EVERYDAY ,Food&Beverage,/appcontent/images/brand/nestle/01_everyday_dairy_whitener_logo.jpg,/appcontent/images/brand/nestle/01_everyday_dairy_whitener_logo.jpg,7.41,/appcontent/images/category/foods-beverages.png,/appcontent/images/category/Foodsbeverages/dairy-bakery.png,14.5,Nestle,3-4 days
8901058100600,MILKMAID TIN 400g ,"NESTLE MILKMAID – a name synonymous with delicious desserts has been delighting generations of Indian consumers over the past 100 years. In fact, MILKMAID defined NESTLE’s ‘sweet’ entry into India – It was the first brand to be traded by the company in India! ",,,Welcome to the world of Sweet Stories!,110,48,8901058100600,Dairy & Bakery,NESTLE MILKMAID ,Food&Beverage,/appcontent/images/brand/nestle/02_nestle_milkmaid_logo.jpg,/appcontent/images/brand/nestle/02_nestle_milkmaid_logo.jpg,8.27,/appcontent/images/category/foods-beverages.png,/appcontent/images/category/Foodsbeverages/dairy-bakery.png,14.5,Nestle,3-4 days
8901058900057,NESTLE SLIM a+ Skmd Milk 1L,"The milk is the finest quality milk sourced from healthy well fed cows and undergoes 61 stringent quality checks, including ones for adulterants, aflatoxin and antibiotics.",,,NESTLE a+ Slim Milk has the same goodness of calcium and protein as in regular milk but with less than 0.2 fat.,80,12,8901058900057,Dairy & Bakery,Nestl a+ Slim Milk ,Food&Beverage,/appcontent/images/brand/nestle/nestle-slim-logo.jpg,/appcontent/images/brand/nestle/nestle-slim-logo.jpg,6.11,/appcontent/images/category/foods-beverages.png,/appcontent/images/category/Foodsbeverages/dairy-bakery.png,5.5,Nestle,3-4 days
8901058839289,Nestle a+ Slim Milk 200ml,"The milk is the finest quality milk sourced from healthy well fed cows and undergoes 61 stringent quality checks, including ones for adulterants, aflatoxin and antibiotics.",Y,,NESTLE a+ Slim Milk has the same goodness of calcium and protein as in regular milk but with less than 0.2 fat.,25,30,8901058839289,Dairy & Bakery,Nestl a+ Slim Milk ,Food&Beverage,/appcontent/images/brand/nestle/nestle-slim-logo.jpg,/appcontent/images/brand/nestle/nestle-slim-logo.jpg,6.12,/appcontent/images/category/foods-beverages.png,/appcontent/images/category/Foodsbeverages/dairy-bakery.png,5.5,Nestle,3-4 days
8901058900002,Nestle a+ Nourish 1L,"The milk undergoes 61 stringent quality checks, including ones for adulterants, aflatoxin and antibiotics. It is passed through unique flash heat treatment that kills all the germs while retaining the nutrient value of milk.",,,NESTLE a+ Nourish Milk stands for Superior Quality and Pure Nourishment. It is the finest quality milk sourced from healthy well fed cows.,75,12,8901058900002,Dairy & Bakery,Nestl a+ Nourish TONED MILK,Food&Beverage,/appcontent/images/brand/nestle/a_plus_nourish.jpg,/appcontent/images/brand/nestle/a_plus_nourish.jpg,6.11,/appcontent/images/category/foods-beverages.png,/appcontent/images/category/Foodsbeverages/dairy-bakery.png,5.5,Nestle,3-4 days
8901058839265,Nestle a+ Nourish 180ml,"The milk undergoes 61 stringent quality checks, including ones for adulterants, aflatoxin and antibiotics. It is passed through unique flash heat treatment that kills all the germs while retaining the nutrient value of milk.",Y,,NESTLE a+ Nourish Milk stands for Superior Quality and Pure Nourishment. It is the finest quality milk sourced from healthy well fed cows.,20,30,8901058839265,Dairy & Bakery,Nestl a+ Nourish TONED MILK,Food&Beverage,/appcontent/images/brand/nestle/a_plus_nourish.jpg,/appcontent/images/brand/nestle/a_plus_nourish.jpg,6.15,/appcontent/images/category/foods-beverages.png,/appcontent/images/category/Foodsbeverages/dairy-bakery.png,5.5,Nestle,3-4 days
8901058119404,Nestle Slim Dahi 24x400g,It is deliciously thick low fat dahi with only 1.5 g fat per 100 g serving. It has no added preservatives.,,,Nestle Slim Dahi is pasteurized double-toned dahi made from finest quality milk sourced from healthy well fed cows.,65,24,8901058119404,Dairy & Bakery,Nestle Slim Dahi,Food&Beverage,/appcontent/images/brand/nestle/nestle-slim-logo.jpg,/appcontent/images/brand/nestle/nestle-slim-logo.jpg,9.09,/appcontent/images/category/foods-beverages.png,/appcontent/images/category/Foodsbeverages/dairy-bakery.png,0,Nestle,3-4 days
8901058134087,Nestle a+ Nourish Dahi 24x200g," It is the thickest, smoothest and tastiest dahi with the power of calcium.",,,Nestle a+ Nourish Dahi is pasteurized toned dahi made from finest quality milk sourced from healthy well fed cows.,25,24,8901058134087,Dairy & Bakery,Nestle a+ Nourish Dahi ,Food&Beverage,/appcontent/images/brand/nestle/a_plus_nourish.jpg,/appcontent/images/brand/nestle/a_plus_nourish.jpg,9.09,/appcontent/images/category/foods-beverages.png,/appcontent/images/category/Foodsbeverages/dairy-bakery.png,0,Nestle,3-4 days
8901058139495,Nestle a+ Nourish Dahi 24x400g," It is the thickest, smoothest and tastiest dahi with the power of calcium.",Y,,Nestle a+ Nourish Dahi is pasteurized toned dahi made from finest quality milk sourced from healthy well fed cows.,50,24,8901058139495,Dairy & Bakery,Nestle a+ Nourish Dahi ,Food&Beverage,/appcontent/images/brand/nestle/a_plus_nourish.jpg,/appcontent/images/brand/nestle/a_plus_nourish.jpg,9.09,/appcontent/images/category/foods-beverages.png,/appcontent/images/category/Foodsbeverages/dairy-bakery.png,0,Nestle,3-4 days
8901058125016,Nestle Actiplus Dahi 24x400g,It is low-fat with the added benefit of probiotics which support healthy digestion.,,,Nestle ActiPlus Dahi is pasteurized double-toned dahi made from finest quality milk sourced from healthy well fed cows.,65,24,8901058125016,Dairy & Bakery,Nestle ActiPlus Probiotic Dahi ,Food&Beverage,/appcontent/images/brand/nestle/ActiPlus_small_logo_b_new.jpg,/appcontent/images/brand/nestle/ActiPlus_small_logo_b_new.jpg,9.09,/appcontent/images/category/foods-beverages.png,/appcontent/images/category/Foodsbeverages/dairy-bakery.png,0,Nestle,3-4 days
8901058122008,Nestle Mango Yoghurt 36x100g,It can be consumed any time as a healthy snack.,,,"Nestle Real Mango Yoghurt is made from high quality double-toned milk and real fruit. It is low-fat, containing only 1.5 g per 100 g serving and is a rich source of Calcium.",30,36,8901058122008,Dairy & Bakery,Nestle Real Mango Yoghurt,Food&Beverage,/appcontent/images/brand/nestle/01_Fruit_yoghurt_t_new.jpg,/appcontent/images/brand/nestle/01_Fruit_yoghurt_t_new.jpg,9.1,/appcontent/images/category/foods-beverages.png,/appcontent/images/category/Foodsbeverages/dairy-bakery.png,14.5,Nestle,3-4 days
8901058121988,Nestle Strawberry Yoghurt 36x100g,It can be consumed any time as a healthy snack.,Y,,"Nestle Real Strawberry Yoghurt is made from high quality double-toned milk and real fruit. It is low-fat, containing only 1.5 g per 100 g serving and is a rich source of Calcium.",30,36,8901058121988,Dairy & Bakery,Nestle Real Strawberry Yoghurt,Food&Beverage,/appcontent/images/brand/nestle/01_Fruit_yoghurt_t_new.jpg,/appcontent/images/brand/nestle/01_Fruit_yoghurt_t_new.jpg,9.1,/appcontent/images/category/foods-beverages.png,/appcontent/images/category/Foodsbeverages/dairy-bakery.png,14.5,Nestle,3-4 days
8901058815443,Nestle CERELAC Infant Cereal Stage-4 (12 Months-24 Months) Multi Grain 5 Fruits 300g,CERELAC is a complementary food for babies after 6 months when breast milk alone can no longer totally cover the baby’s growing nutritional requirements.,,,"Infant Cereal, Infant food, baby food,  Multi Grain with 5 Fruits,Multi Grain, Fruits,Fortified Cereal with milk, Baby cereal, 12 Months, Nestle, CERELAC",216,24,8901058815443,Baby Foods,Nestle CERELAC,Food&Beverage,/appcontent/images/brand/nestle/neslac_detail.jpg,/appcontent/images/brand/nestle/neslac_detail.jpg,8.26,/appcontent/images/category/foods-beverages.png,/appcontent/images/category/Foodsbeverages/babyfoods.png,14.5,Nestle,3-4 days
8901058840155,CERELAC ST 5 5Grain5Fruits BIB24x300g IN,,,,,230,24,8901058840155,Baby Foods,Nestle CERELAC,Food&Beverage,/appcontent/images/brand/nestle/neslac_detail.jpg,/appcontent/images/brand/nestle/neslac_detail.jpg,8.26,/appcontent/images/category/foods-beverages.png,/appcontent/images/category/Foodsbeverages/babyfoods.png,14.5,Nestle,3-4 days
8901058815344,Nestle CERELAC Infant Cereal Stage-1 (6 Months-24 Months) Wheat Apple 300g,CERELAC is a complementary food for babies after 6 months when breast milk alone can no longer totally cover the baby’s growing nutritional requirements.,,,"Infant Cereal, Infant food, baby food, Wheat Apple, Wheat, Apple, Fortified Cereal with milk, Baby cereal, 6 Months, Nestle, CERELAC",165,24,8901058815344,Baby Foods,Nestle CERELAC,Food&Beverage,/appcontent/images/brand/nestle/neslac_detail.jpg,/appcontent/images/brand/nestle/neslac_detail.jpg,8.27,/appcontent/images/category/foods-beverages.png,/appcontent/images/category/Foodsbeverages/babyfoods.png,14.5,Nestle,3-4 days
8901058815245,Nestle CERELAC Infant Cereal Stage-2 (8 Months-24 Months) Wheat Apple Cherry 300g,CERELAC is a complementary food for babies after 6 months when breast milk alone can no longer totally cover the baby’s growing nutritional requirements.,Y,,"Infant Cereal, Infant food, baby food, Wheat Apple Cherry, Wheat, Apple, Cherry, Fortified Cereal with milk, Baby cereal, 8 Months, Nestle, CERELAC",184,24,8901058815245,Baby Foods,Nestle CERELAC,Food&Beverage,/appcontent/images/brand/nestle/neslac_detail.jpg,/appcontent/images/brand/nestle/neslac_detail.jpg,8.26,/appcontent/images/category/foods-beverages.png,/appcontent/images/category/Foodsbeverages/babyfoods.png,14.5,Nestle,3-4 days
8901058815481,Nestle CERELAC Infant Cereal Stage-4 (12 Months-24 Months) Multi Grain Dal Vegetable 300g,CERELAC is a complementary food for babies after 6 months when breast milk alone can no longer totally cover the baby’s growing nutritional requirements.,Y,,"Infant Cereal, Infant food, baby food,  Multi Grain  Dal Veg,Multi Grain,Dal, Vegitable,Fortified Cereal with milk, Baby cereal, 12 Months, Nestle, CERELAC",205,24,8901058815481,Baby Foods,Nestle CERELAC,Food&Beverage,/appcontent/images/brand/nestle/neslac_detail.jpg,/appcontent/images/brand/nestle/neslac_detail.jpg,8.26,/appcontent/images/category/foods-beverages.png,/appcontent/images/category/Foodsbeverages/babyfoods.png,14.5,Nestle,3-4 days
8901058815184,Nestle CERELAC Infant Cereal Stage-2 (8 Months-24 Months) Wheat Honey 300g,CERELAC is a complementary food for babies after 6 months when breast milk alone can no longer totally cover the baby’s growing nutritional requirements.,Y,,"Infant Cereal, Infant food, baby food, Wheat Honey, Wheat, Honey, Fortified Cereal with milk, Baby cereal, 8 Months, Nestle, CERELAC",190,24,8901058815184,Baby Foods,Nestle CERELAC,Food&Beverage,/appcontent/images/brand/nestle/neslac_detail.jpg,/appcontent/images/brand/nestle/neslac_detail.jpg,8.26,/appcontent/images/category/foods-beverages.png,/appcontent/images/category/Foodsbeverages/babyfoods.png,14.5,Nestle,3-4 days
8901058144352,Nestle CERELAC SHISHU AAHAAR Infant Cereal Stage-1 (6 Months-24 Months) Wheat-Rice Moong Dal Khichdi 300g,CERELAC is a complementary food for babies after 6 months when breast milk alone can no longer totally cover the baby’s growing nutritional requirements.,Y,,"Infant Cereal, Infant food, baby food, Wheat Rice Moong Dal Khichdi, Wheat, Rice, Moong dal, 6 Months, Nestle, CERELAC",160,24,8901058144352,Baby Foods,Nestle CERELAC SHISHU AAHAAR,Food&Beverage,/appcontent/images/brand/nestle/neslac_detail.jpg,/appcontent/images/brand/nestle/neslac_detail.jpg,8.27,/appcontent/images/category/foods-beverages.png,/appcontent/images/category/Foodsbeverages/babyfoods.png,14.5,Nestle,3-4 days
8901058144321,Nestle CERELAC SHISHU AAHAAR Infant Cereal Stage-2 (8 Months-24 Months) Wheat-Rice Moong Dal Veg Khichdi 300g,CERELAC is a complementary food for babies after 6 months when breast milk alone can no longer totally cover the baby’s growing nutritional requirements.,Y,,"Infant Cereal, Infant food, baby food, Wheat Rice Moong Dal Vegitable Khichdi, Wheat, Rice, Moong dal, Vegitable, 8 Months, Nestle, CERELAC",185,24,8901058144321,Baby Foods,Nestle CERELAC SHISHU AAHAAR,Food&Beverage,/appcontent/images/brand/nestle/neslac_detail.jpg,/appcontent/images/brand/nestle/neslac_detail.jpg,8.28,/appcontent/images/category/foods-beverages.png,/appcontent/images/category/Foodsbeverages/babyfoods.png,14.5,Nestle,3-4 days
8901058815160,Nestle CERELAC Infant Cereal Stage-3 (10 Months-24 Months) Wheat-Rice Mixed Fruit 300g,CERELAC is a complementary food for babies after 6 months when breast milk alone can no longer totally cover the baby’s growing nutritional requirements.,Y,,"Infant Cereal, Infant food, baby food, Wheat Rice Mixed Fruit, Wheat,Rice, Mixed, Fruit, Mixed Fruit, Fortified Cereal with milk, Baby cereal, 10 Months, Nestle, CERELAC",202,24,8901058815160,Baby Foods,Nestle CERELAC,Food&Beverage,/appcontent/images/brand/nestle/neslac_detail.jpg,/appcontent/images/brand/nestle/neslac_detail.jpg,8.26,/appcontent/images/category/foods-beverages.png,/appcontent/images/category/Foodsbeverages/babyfoods.png,14.5,Nestle,3-4 days
8901058815429,Nestle CERELAC Infant Cereal Stage-3 (10 Months-24 Months) Wheat-Rice Mixed Veg 300g,CERELAC is a complementary food for babies after 6 months when breast milk alone can no longer totally cover the baby’s growing nutritional requirements.,Y,,"Infant Cereal, Infant food, baby food, Rice Vegetable, Rice, Vegetable,Fortified Cereal with milk, Baby cereal, 10 Months, Nestle, CERELAC",202,24,8901058815429,Baby Foods,Nestle CERELAC,Food&Beverage,/appcontent/images/brand/nestle/neslac_detail.jpg,/appcontent/images/brand/nestle/neslac_detail.jpg,8.26,/appcontent/images/category/foods-beverages.png,/appcontent/images/category/Foodsbeverages/babyfoods.png,14.5,Nestle,3-4 days
8901058815207,Nestle CERELAC Infant Cereal Stage-2 (8 Months-24 Months) Wheat Orange 300g,CERELAC is a complementary food for babies after 6 months when breast milk alone can no longer totally cover the baby’s growing nutritional requirements.,Y,,"Infant Cereal, Infant food, baby food, Wheat Orange, Wheat, Orange, Fortified Cereal with milk, Baby cereal, 8 Months, Nestle, CERELAC",190,24,8901058815207,Baby Foods,Nestle CERELAC,Food&Beverage,/appcontent/images/brand/nestle/neslac_detail.jpg,/appcontent/images/brand/nestle/neslac_detail.jpg,8.26,/appcontent/images/category/foods-beverages.png,/appcontent/images/category/Foodsbeverages/babyfoods.png,14.5,Nestle,3-4 days
8901058815382,Nestle CERELAC Infant Cereal Stage-1 (6 Months-24 Months) Rice 300g,CERELAC is a complementary food for babies after 6 months when breast milk alone can no longer totally cover the baby’s growing nutritional requirements.,Y,,"Infant Cereal, Infant food, baby food, Rice, Fortified Cereal with milk, Baby cereal, 6 Months, Nestle, CERELAC",158,24,8901058815382,Baby Foods,Nestle CERELAC,Food&Beverage,/appcontent/images/brand/nestle/neslac_detail.jpg,/appcontent/images/brand/nestle/neslac_detail.jpg,8.27,/appcontent/images/category/foods-beverages.png,/appcontent/images/category/Foodsbeverages/babyfoods.png,14.5,Nestle,3-4 days
8901058815269,Nestle CERELAC Infant Cereal Stage-2 (8 Months-24 Months) Rice Vegetables 300g,CERELAC is a complementary food for babies after 6 months when breast milk alone can no longer totally cover the baby’s growing nutritional requirements.,Y,,"Infant Cereal, Infant food, baby food, Rice Vegetable, Rice, Vegetable,Fortified Cereal with milk, Baby cereal, 8 Months, Nestle, CERELAC",190,24,8901058815269,Baby Foods,Nestle CERELAC,Food&Beverage,/appcontent/images/brand/nestle/neslac_detail.jpg,/appcontent/images/brand/nestle/neslac_detail.jpg,8.26,/appcontent/images/category/foods-beverages.png,/appcontent/images/category/Foodsbeverages/babyfoods.png,14.5,Nestle,3-4 days
8901058815306,Nestle CERELAC Infant Cereal Stage-1 (6 Months-24 Months) Wheat 300g,CERELAC is a complementary food for babies after 6 months when breast milk alone can no longer totally cover the baby’s growing nutritional requirements.,Y,,"Infant Cereal, Infant food, baby food, Wheat, Fortified Cereal with milk, Baby cereal, 6 Months, Nestle, CERELAC",157,24,8901058815306,Baby Foods,Nestle CERELAC,Food&Beverage,/appcontent/images/brand/nestle/neslac_detail.jpg,/appcontent/images/brand/nestle/neslac_detail.jpg,8.26,/appcontent/images/category/foods-beverages.png,/appcontent/images/category/Foodsbeverages/babyfoods.png,14.5,Nestle,3-4 days
8901058815528,Nestle LACTOGEN 1  Infant Formula (Upto 6 Months) 400g,Lactogen 1  is a spray dried Infant Formula for infants upto six months  when they are not breastfed,,,"Infant Formula, Lactogen 1, Nestle, Starter Formula, Milk, Infant Food, Baby Food, Baby Formula",285,24,8901058815528,Baby Foods,Nestle LACTOGEN 1,Food&Beverage,/appcontent/images/brand/nestle/01_lactogen.jpg,/appcontent/images/brand/nestle/01_lactogen.jpg,8.26,/appcontent/images/category/foods-beverages.png,/appcontent/images/category/Foodsbeverages/babyfoods.png,14.5,Nestle,3-4 days
8901058815702,Nestle LACTOGEN 2 Follow Up  Infant Formula (after  6 Months) 400g,Lactogen 2  is a spray dried Follow-up Formula for infants after 6 months when they are not breastfed,Y,,"Follow Up  Formula, Nestle, Lactogen 2, Infant Formula, Milk, Infant Food, Baby Food, Baby Formula",278,24,8901058815702,Baby Foods,Nestle LACTOGEN 2,Food&Beverage,/appcontent/images/brand/nestle/01_lactogen.jpg,/appcontent/images/brand/nestle/01_lactogen.jpg,8.26,/appcontent/images/category/foods-beverages.png,/appcontent/images/category/Foodsbeverages/babyfoods.png,14.5,Nestle,3-4 days
8901058815665,Nestle LACTOGEN 3 Follow Up  Infant Formula (after 12 Months) 400g,Lactogen 3  is a spray dried Follow-up Formula for older infants after 12 months when they are not breastfed,Y,,"Follow Up  Formula, Lactogen 3, Nestle, Infant Formula, Milk, Infant Food, Baby Food, Baby Formula",270,24,8901058815665,Baby Foods,Nestle LACTOGEN 3,Food&Beverage,/appcontent/images/brand/nestle/01_lactogen.jpg,/appcontent/images/brand/nestle/01_lactogen.jpg,8.26,/appcontent/images/category/foods-beverages.png,/appcontent/images/category/Foodsbeverages/babyfoods.png,14.5,Nestle,3-4 days
8901058815764,Nestle LACTOGEN 4 Follow Up  Infant Formula (after 18 Months) 400g,Lactogen 4  is a spray dried Follow-up Formula  for older infants after 18 months when they are not breastfed,Y,,"Follow Up  Formula for older infants, Nestle, Lactogen 4, Infant Formula, Milk, Infant Food, Baby Food, Baby Formula",264,24,8901058815764,Baby Foods,Nestle LACTOGEN 4,Food&Beverage,/appcontent/images/brand/nestle/01_lactogen.jpg,/appcontent/images/brand/nestle/01_lactogen.jpg,8.26,/appcontent/images/category/foods-beverages.png,/appcontent/images/category/Foodsbeverages/babyfoods.png,14.5,Nestle,3-4 days
8901058814965,Nestle NAN PRO 1 Infant Formula (Upto 6 Months) 400g ,NAN Pro 1 is a spray dried Infant Formula with probiotics for infants upto 6 months when they are not breastfed,,,"Infant formula with Probiotics, Nan pro, Nestle, 6 months,Probiotic culture, Infant Formula, Infant milk substitute,nutrition , Premium",515,24,8901058814965,Baby Foods,Nestle NAN PRO 1,Food&Beverage,/appcontent/images/brand/nestle/nanpro_1.jpg,/appcontent/images/brand/nestle/nanpro_1.jpg,8.26,/appcontent/images/category/foods-beverages.png,/appcontent/images/category/Foodsbeverages/babyfoods.png,14.5,Nestle,3-4 days
8901058814941,Nestle NAN PRO 2 Follow up Infant Formula (after 6 Months) 400g,NAN Pro 2  is a spray dried Infant Formula for infants after 6 months when they are not breastfed,Y,,"Premium Infant formula  after 6 months, Nestle, Nan Pro 2, Infant Formula, Infant milk substitute,nutrition ",490,24,8901058814941,Baby Foods,Nestle NAN PRO 2,Food&Beverage,/appcontent/images/brand/nestle/nanpro_2.jpg,/appcontent/images/brand/nestle/nanpro_2.jpg,8.26,/appcontent/images/category/foods-beverages.png,/appcontent/images/category/Foodsbeverages/babyfoods.png,14.5,Nestle,3-4 days
8901058814927,Nestle NAN PRO 3 Follow up Infant Formula (after 12  Months) 400g,NAN Pro 3  is a spray dried Infant Formula for infants after 12 months when they are not breastfed,Y,,"Premium Infant formula  after 12 months, for older infants, Infant Formula, Infant milk substitute,nutrition ,Nestle",485,24,8901058814927,Baby Foods,Nestle NAN PRO 3,Food&Beverage,/appcontent/images/brand/nestle/nanpro_3.jpg,/appcontent/images/brand/nestle/nanpro_3.jpg,8.26,/appcontent/images/category/foods-beverages.png,/appcontent/images/category/Foodsbeverages/babyfoods.png,14.5,Nestle,3-4 days
8901058816426,Nestle NAN PRO 4 Follow up Infant Formula after 18 Months 400g,NAN Pro 4  is a spray dried Infant Formula for infants after 18 months when they are not breastfed,Y,,"Premium Infant formula after 18 months,  for older infants, Nestle, Nan Pro 4, Infant Formula, Infant milk substitute,nutrition ",480,24,8901058816426,Baby Foods,Nestle NAN PRO 4,Food&Beverage,/appcontent/images/brand/nestle/nanpro_4.jpg,/appcontent/images/brand/nestle/nanpro_4.jpg,8.26,/appcontent/images/category/foods-beverages.png,/appcontent/images/category/Foodsbeverages/babyfoods.png,14.5,Nestle,3-4 days
7613032987442,Nestle PRE NAN Low Birth Weight Infant Milk Formula 400g (For premature baby (born before 37 weeks / Low birth weight (less than 2.5 kg)),Nestle Pre NAN is a spray dried infant formula for Premature / Low birth weight infants during and after hospital discharge,Y,," Infant formula for premature babies, Premature, Nestle, Pre nan, low birth weight",485,12,7613032987442,Baby Foods,Nestle PRE NAN,Food&Beverage,/appcontent/images/brand/nestle/prenan.jpg,/appcontent/images/brand/nestle/prenan.jpg,8.26,/appcontent/images/category/foods-beverages.png,/appcontent/images/category/Foodsbeverages/babyfoods.png,14.5,Nestle,3-4 days
8901058814811,Nestle NESTUM Infant Cereal Stage-2 (8 Months-24 Months) Rice Dal Vegetable 300g,NESTUM is a complementary food for babies after 6 months when breast milk alone can no longer totally cover the baby’s growing nutritional requirements.,,,"Infant food, Infant Cereal, Baby Cereal, Rice, Dal, 8 Months, Nestle, NESTUM",128,24,8901058814811,Baby Foods,Nestle NESTUM,Food&Beverage,/appcontent/images/brand/nestle/nestum.jpg,/appcontent/images/brand/nestle/nestum.jpg,8.26,/appcontent/images/category/foods-beverages.png,/appcontent/images/category/Foodsbeverages/babyfoods.png,14.5,Nestle,3-4 days
8901058814798,Nestle NESTUM Infant Cereal Stage-3 (10 Months-24 Months) Rice 3 Fruits 300g,NESTUM is a complementary food for babies after 6 months when breast milk alone can no longer totally cover the baby’s growing nutritional requirements.,Y,,"Infant food, Infant Cereal, Baby Cereal, Rice, Dal, 10 Months, Nestle, NESTUM",142,24,8901058814798,Baby Foods,Nestle NESTUM,Food&Beverage,/appcontent/images/brand/nestle/nestum.jpg,/appcontent/images/brand/nestle/nestum.jpg,8.27,/appcontent/images/category/foods-beverages.png,/appcontent/images/category/Foodsbeverages/babyfoods.png,14.5,Nestle,3-4 days
8901058814835,Nestle NESTUM Infant Cereal Stage-1 (6 Months-24 Months) Rice 300g,NESTUM is a complementary food for babies after 6 months when breast milk alone can no longer totally cover the baby’s growing nutritional requirements.,Y,,"Infant food, Infant Cereal, Baby Cereal, Rice, Dal, 6 Months, Nestle, NESTUM",109,24,8901058814835,Baby Foods,Nestle NESTUM,Food&Beverage,/appcontent/images/brand/nestle/nestum.jpg,/appcontent/images/brand/nestle/nestum.jpg,8.26,/appcontent/images/category/foods-beverages.png,/appcontent/images/category/Foodsbeverages/babyfoods.png,14.5,Nestle,3-4 days
8901058822908,#N/A,,,,,445,24,8901058822908,Baby Foods,Nestle BABY & ME,Food&Beverage,/appcontent/images/brand/nestle/babyandme_detail.jpg,/appcontent/images/brand/nestle/babyandme_detail.jpg,8.26,/appcontent/images/category/foods-beverages.png,/appcontent/images/category/Foodsbeverages/babyfoods.png,14.5,Nestle,3-4 days
8901058820133,MAGGI Bhuna Masala Korma 65g,"Reduces your effort of cutting, chopping & frying.",,,"Cooking base which has  exotic ingredients like cashew powder, butter  ",30,72,8901058820133,Other Branded Food,MAGGI Bhuna Masala,Food&Beverage,/appcontent/images/brand/nestle/BMasalaLogo.jpg,/appcontent/images/brand/nestle/BMasalaLogo.jpg,8.27,/appcontent/images/category/foods-beverages.png,/appcontent/images/category/Foodsbeverages/brandedfood.png,5.5,Nestle,3-4 days
8901058820102,MAGGI Bhuna Masala Makhni 65g,"Reduces your effort of cutting, chopping & frying",Y,,"Cooking base which has  exotic ingredients like cashew powder, butter  ",30,72,8901058820102,Other Branded Food,MAGGI Bhuna Masala,Food&Beverage,/appcontent/images/brand/nestle/BMasalaLogo.jpg,/appcontent/images/brand/nestle/BMasalaLogo.jpg,8.27,/appcontent/images/category/foods-beverages.png,/appcontent/images/category/Foodsbeverages/brandedfood.png,5.5,Nestle,3-4 days
8901058127485,MAGGI Bhuna Masala Gravy Mix 65g,"Reduces your effort of cutting, chopping & frying",Y,,"Cooking base made of tomatoes, onions, ginger & garlic. ",30,72,8901058127485,Other Branded Food,MAGGI Bhuna Masala,Food&Beverage,/appcontent/images/brand/nestle/BMasalaLogo.jpg,/appcontent/images/brand/nestle/BMasalaLogo.jpg,8.27,/appcontent/images/category/foods-beverages.png,/appcontent/images/category/Foodsbeverages/brandedfood.png,5.5,Nestle,3-4 days
8901058106817,Maggi Magic Cubes Veg MP 40g,"Adds a deep, rich taste to your dishes. ",,,Adds a touch of Magic to your dish,35,120,8901058106817,Other Branded Food,MAGGI Magic Cubes,Food&Beverage,/appcontent/images/brand/nestle/MAGGI_MAGIC_Cubes_t.jpg,/appcontent/images/brand/nestle/MAGGI_MAGIC_Cubes_t.jpg,8.29,/appcontent/images/category/foods-beverages.png,/appcontent/images/category/Foodsbeverages/brandedfood.png,14.5,Nestle,3-4 days
8901058106824,MAGGI MAGIC Cubes Chicken MP 40g,"Adds a deep, rich taste to your dishes. ",Y,,Adds a touch of Magic to your dish,35,120,8901058106824,Other Branded Food,MAGGI Magic Cubes,Food&Beverage,/appcontent/images/brand/nestle/MAGGI_MAGIC_Cubes_t.jpg,/appcontent/images/brand/nestle/MAGGI_MAGIC_Cubes_t.jpg,8.29,/appcontent/images/category/foods-beverages.png,/appcontent/images/category/Foodsbeverages/brandedfood.png,14.5,Nestle,3-4 days
4792024001069,MAGGI Coconut Milk Powder 100g,Make Thai Curries and Costal curries at ease,,,Made from real coconuts.,85,48,4792024001069,Other Branded Food,MAGGI Coconut Milk Powder,Food&Beverage,/appcontent/images/brand/nestle/MAGGI_Coconut_Milk_Powder_t.jpg,/appcontent/images/brand/nestle/MAGGI_Coconut_Milk_Powder_t.jpg,8.27,/appcontent/images/category/foods-beverages.png,/appcontent/images/category/Foodsbeverages/brandedfood.png,14.5,Nestle,3-4 days
4792024000079,MAGGI Coconut Milk Powder 25g,Make Thai Curries and Costal curries at ease,Y,,Made from real coconuts.,23,240,4792024000079,Other Branded Food,MAGGI Coconut Milk Powder,Food&Beverage,/appcontent/images/brand/nestle/MAGGI_Coconut_Milk_Powder_t.jpg,/appcontent/images/brand/nestle/MAGGI_Coconut_Milk_Powder_t.jpg,8.26,/appcontent/images/category/foods-beverages.png,/appcontent/images/category/Foodsbeverages/brandedfood.png,14.5,Nestle,3-4 days
8901058826869,MAGGI Masala-ae-Magic 54g,It has no added MSG.,,,Adds Flavour to your Everyday Dishes,35,64,8901058826869,Other Branded Food,MAGGI Masala-ae-Magic,Food&Beverage,/appcontent/images/brand/nestle/MAGGI_Masala-ae-Magic_t.jpg,/appcontent/images/brand/nestle/MAGGI_Masala-ae-Magic_t.jpg,8.26,/appcontent/images/category/foods-beverages.png,/appcontent/images/category/Foodsbeverages/brandedfood.png,14.5,Nestle,3-4 days
8901058131277,MAGGI Masala-e-Magic Sachet 6g,It has no added MSG.,Y,,Adds Flavour to your Everyday Dishes,4,1728,8901058131277,Other Branded Food,MAGGI Masala-ae-Magic,Food&Beverage,/appcontent/images/brand/nestle/MAGGI_Masala-ae-Magic_t.jpg,/appcontent/images/brand/nestle/MAGGI_Masala-ae-Magic_t.jpg,8.25,/appcontent/images/category/foods-beverages.png,/appcontent/images/category/Foodsbeverages/brandedfood.png,14.5,Nestle,3-4 days
8901058823660,MAGGI Tomato Ket Pichkoo 90g,,,,,16,72,8901058823660,Other Branded Food,MAGGI Sauces,Food&Beverage,"/appcontent/images/brand/nestle/pdca_sauces_banner,jpg","/appcontent/images/brand/nestle/pdca_sauces_banner,jpg",8.31,/appcontent/images/category/foods-beverages.png,/appcontent/images/category/Foodsbeverages/brandedfood.png,5.5,Nestle,3-4 days
8901058107487,MAGGI Tomato Ketchup Bottle 1kg ,Rich tomatoes and mixed spices,Y,,It's different!,140,12,8901058107487,Other Branded Food,MAGGI Sauces,Food&Beverage,"/appcontent/images/brand/nestle/pdca_sauces_banner,jpg","/appcontent/images/brand/nestle/pdca_sauces_banner,jpg",8.26,/appcontent/images/category/foods-beverages.png,/appcontent/images/category/Foodsbeverages/brandedfood.png,5.5,Nestle,3-4 days
89000670,MAGGI Tomato Ketchup Bottle 200g ,Rich tomatoes and mixed spices,Y,,It's different!,51,24,89000670,Other Branded Food,MAGGI Sauces,Food&Beverage,"/appcontent/images/brand/nestle/pdca_sauces_banner,jpg","/appcontent/images/brand/nestle/pdca_sauces_banner,jpg",8.27,/appcontent/images/category/foods-beverages.png,/appcontent/images/category/Foodsbeverages/brandedfood.png,5.5,Nestle,3-4 days
8901058101577,MAGGI Tomato Ketchup Bottle 500g,Rich tomatoes and mixed spices,Y,,It's different!,94,24,8901058101577,Other Branded Food,MAGGI Sauces,Food&Beverage,"/appcontent/images/brand/nestle/pdca_sauces_banner,jpg","/appcontent/images/brand/nestle/pdca_sauces_banner,jpg",8.27,/appcontent/images/category/foods-beverages.png,/appcontent/images/category/Foodsbeverages/brandedfood.png,5.5,Nestle,3-4 days
8901058107517,MAGGI Tomato Sauce NONG  12x1kg ,It's different!,Y,,Contains No Onion No Garlic,140,12,8901058107517,Other Branded Food,MAGGI Sauces,Food&Beverage,"/appcontent/images/brand/nestle/pdca_sauces_banner,jpg","/appcontent/images/brand/nestle/pdca_sauces_banner,jpg",8.26,/appcontent/images/category/foods-beverages.png,/appcontent/images/category/Foodsbeverages/brandedfood.png,5.5,Nestle,3-4 days
89000717,MAGGI Tomato Sauce NONG Btl 200g ,It's different!,Y,,Contains No Onion No Garlic,49,24,89000717,Other Branded Food,MAGGI Sauces,Food&Beverage,"/appcontent/images/brand/nestle/pdca_sauces_banner,jpg","/appcontent/images/brand/nestle/pdca_sauces_banner,jpg",8.27,/appcontent/images/category/foods-beverages.png,/appcontent/images/category/Foodsbeverages/brandedfood.png,5.5,Nestle,3-4 days
8901058117752,MAGGI Tomato Sauce NONG Btl 500g ,It's different!,Y,,Contains No Onion No Garlic,96,24,8901058117752,Other Branded Food,MAGGI Sauces,Food&Beverage,"/appcontent/images/brand/nestle/pdca_sauces_banner,jpg","/appcontent/images/brand/nestle/pdca_sauces_banner,jpg",8.26,/appcontent/images/category/foods-beverages.png,/appcontent/images/category/Foodsbeverages/brandedfood.png,5.5,Nestle,3-4 days
89000687,MAGGI HOT & SWEET TCS Bottle 200g ,It's different!,Y,,Hot & Sweet,54,24,89000687,Other Branded Food,MAGGI Sauces,Food&Beverage,"/appcontent/images/brand/nestle/pdca_sauces_banner,jpg","/appcontent/images/brand/nestle/pdca_sauces_banner,jpg",8.28,/appcontent/images/category/foods-beverages.png,/appcontent/images/category/Foodsbeverages/brandedfood.png,5.5,Nestle,3-4 days
8901058117783,MAGGI HOT & SWEET TCS Bottle 500g ,It's different!,Y,,Hot & Sweet,98,24,8901058117783,Other Branded Food,MAGGI Sauces,Food&Beverage,"/appcontent/images/brand/nestle/pdca_sauces_banner,jpg","/appcontent/images/brand/nestle/pdca_sauces_banner,jpg",8.27,/appcontent/images/category/foods-beverages.png,/appcontent/images/category/Foodsbeverages/brandedfood.png,5.5,Nestle,3-4 days
8901058101614,MAGGI HOT & SWEET TCS Bottle 1kg,It's different!,Y,,Hot & Sweet,145,12,8901058101614,Other Branded Food,MAGGI Sauces,Food&Beverage,"/appcontent/images/brand/nestle/pdca_sauces_banner,jpg","/appcontent/images/brand/nestle/pdca_sauces_banner,jpg",8.26,/appcontent/images/category/foods-beverages.png,/appcontent/images/category/Foodsbeverages/brandedfood.png,5.5,Nestle,3-4 days
8901058131086,MAGGI Hot & Sweet Doy 6(12x90g) IN,It's different!,Y,,Hot & Sweet,20,72,8901058131086,Other Branded Food,MAGGI Sauces,Food&Beverage,"/appcontent/images/brand/nestle/pdca_sauces_banner,jpg","/appcontent/images/brand/nestle/pdca_sauces_banner,jpg",8.26,/appcontent/images/category/foods-beverages.png,/appcontent/images/category/Foodsbeverages/brandedfood.png,5.5,Nestle,3-4 days
8901058842906,MAGGI Imli Sauce Doy 6(12x90g) IN,It's different!,Y,,MAGGI Imli Sauce is special blend of  Imli & selected spices to give a perfect taste of sweetness & tanginess,20,72,8901058842906,Other Branded Food,MAGGI Sauces,Food&Beverage,"/appcontent/images/brand/nestle/pdca_sauces_banner,jpg","/appcontent/images/brand/nestle/pdca_sauces_banner,jpg",8.26,/appcontent/images/category/foods-beverages.png,/appcontent/images/category/Foodsbeverages/brandedfood.png,5.5,Nestle,3-4 days
8901058138269,MAGGI Pazzta Cheese 96x70g N1 IN,,,,,25,96,8901058138269,Other Branded Food,MAGGI,Food&Beverage,/appcontent/images/brand/nestle/MAGGI_Pazzta_t.jpg,/appcontent/images/brand/nestle/MAGGI_Pazzta_t.jpg,8.28,/appcontent/images/category/foods-beverages.png,/appcontent/images/category/Foodsbeverages/brandedfood.png,14.5,Nestle,3-4 days
8901058138283,MAGGI Pazzta Masala 96x65g N1 IN,,Y,,,25,96,8901058138283,Other Branded Food,MAGGI,Food&Beverage,/appcontent/images/brand/nestle/MAGGI_Pazzta_t.jpg,/appcontent/images/brand/nestle/MAGGI_Pazzta_t.jpg,8.28,/appcontent/images/category/foods-beverages.png,/appcontent/images/category/Foodsbeverages/brandedfood.png,14.5,Nestle,3-4 days
8901058138245,MAGGI Pazzta Tomato 80x64g N1 IN,,Y,,,25,80,8901058138245,Other Branded Food,MAGGI,Food&Beverage,/appcontent/images/brand/nestle/MAGGI_Pazzta_t.jpg,/appcontent/images/brand/nestle/MAGGI_Pazzta_t.jpg,8.28,/appcontent/images/category/foods-beverages.png,/appcontent/images/category/Foodsbeverages/brandedfood.png,14.5,Nestle,3-4 days
8901058141085,MAGGI Pasta Mushroom 96x64g ,,Y,,,25,96,8901058141085,Other Branded Food,MAGGI,Food&Beverage,/appcontent/images/brand/nestle/MAGGI_Pazzta_t.jpg,/appcontent/images/brand/nestle/MAGGI_Pazzta_t.jpg,8.28,/appcontent/images/category/foods-beverages.png,/appcontent/images/category/Foodsbeverages/brandedfood.png,14.5,Nestle,3-4 days
8901058842722,"Maggi 2-Minutes Noodles Masala, 70g",,,,,12,96,8901058842722,Other Branded Food,MAGGI,Food&Beverage,/appcontent/images/brand/nestle/MAGGI_O2-MINUTE_Noodles_t.jpg,/appcontent/images/brand/nestle/MAGGI_O2-MINUTE_Noodles_t.jpg,8.33,/appcontent/images/category/foods-beverages.png,/appcontent/images/category/Foodsbeverages/brandedfood.png,14.5,Nestle,3-4 days
8901058842746,"Maggi 2-Minutes Noodles Masala, 280g",,Y,,,45,24,8901058842746,Other Branded Food,MAGGI,Food&Beverage,/appcontent/images/brand/nestle/MAGGI_O2-MINUTE_Noodles_t.jpg,/appcontent/images/brand/nestle/MAGGI_O2-MINUTE_Noodles_t.jpg,8.29,/appcontent/images/category/foods-beverages.png,/appcontent/images/category/Foodsbeverages/brandedfood.png,14.5,Nestle,3-4 days
8901058842821,"Maggi 2-Minutes Noodles Masala, 420g",,Y,,,67,16,8901058842821,Other Branded Food,MAGGI,Food&Beverage,/appcontent/images/brand/nestle/MAGGI_O2-MINUTE_Noodles_t.jpg,/appcontent/images/brand/nestle/MAGGI_O2-MINUTE_Noodles_t.jpg,8.26,/appcontent/images/category/foods-beverages.png,/appcontent/images/category/Foodsbeverages/brandedfood.png,14.5,Nestle,3-4 days
8901058843996,MAGGI 2-MINN NDLS Mas 12x560g IN,Goodness of Calcium & Protein,Y,,MAGGI 2-Minute Noodles is one of the largest & most loved food brands that defines the Instant Noodles category in India. The Unique Masala taste is an all time favorite that is loved by many!,89,12,8901058843996,Other Branded Food,MAGGI,Food&Beverage,/appcontent/images/brand/nestle/MAGGI_O2-MINUTE_Noodles_t.jpg,/appcontent/images/brand/nestle/MAGGI_O2-MINUTE_Noodles_t.jpg,8.26,/appcontent/images/category/foods-beverages.png,/appcontent/images/category/Foodsbeverages/brandedfood.png,14.5,Nestle,3-4 days
8901058819083,MAGGI 2-MINN NDLS Masala 48x140g IN,Goodness of Calcium & Protein,Y,,MAGGI 2-Minute Noodles is one of the largest & most loved food brands that defines the Instant Noodles category in India. The Unique Masala taste is an all time favorite that is loved by many!,23,48,8901058819083,Other Branded Food,MAGGI,Food&Beverage,/appcontent/images/brand/nestle/MAGGI_O2-MINUTE_Noodles_t.jpg,/appcontent/images/brand/nestle/MAGGI_O2-MINUTE_Noodles_t.jpg,8.26,/appcontent/images/category/foods-beverages.png,/appcontent/images/category/Foodsbeverages/brandedfood.png,14.5,Nestle,3-4 days
8901058842838,MAGGI 2-MINN Masala Sachet 252x35g N3 IN,Goodness of Calcium & Protein,Y,,MAGGI 2-Minute Noodles is one of the largest & most loved food brands that defines the Instant Noodles category in India. The Unique Masala taste is an all time favorite that is loved by many!,5,252,8901058842838,Other Branded Food,MAGGI,Food&Beverage,/appcontent/images/brand/nestle/MAGGI_O2-MINUTE_Noodles_t.jpg,/appcontent/images/brand/nestle/MAGGI_O2-MINUTE_Noodles_t.jpg,6.54,/appcontent/images/category/foods-beverages.png,/appcontent/images/category/Foodsbeverages/brandedfood.png,14.5,Nestle,3-4 days
8901058843125,MAGGI 2MINUTE NOODLES Mas 5x1.68Kg N1 IN,Goodness of Calcium & Protein,Y,,MAGGI 2-Minute Noodles is one of the largest & most loved food brands that defines the Instant Noodles category in India. The Unique Masala taste is an all time favorite that is loved by many!,246,5,8901058843125,Other Branded Food,MAGGI,Food&Beverage,/appcontent/images/brand/nestle/MAGGI_O2-MINUTE_Noodles_t.jpg,/appcontent/images/brand/nestle/MAGGI_O2-MINUTE_Noodles_t.jpg,6.54,/appcontent/images/category/foods-beverages.png,/appcontent/images/category/Foodsbeverages/brandedfood.png,14.5,Nestle,3-4 days
8901058843224,MAGGI 2-MINN Chicken 96*71g N1 IN,Goodness of Calcium & Protein,Y,,MAGGI 2-Minute Noodles is one of the largest & most loved food brands that defines the Instant Noodles category in India. The chicken flavor is much loved and a favorite of many! ,15,96,8901058843224,Other Branded Food,MAGGI,Food&Beverage,/appcontent/images/brand/nestle/MAGGI_O2-MINUTE_Noodles_t.jpg,/appcontent/images/brand/nestle/MAGGI_O2-MINUTE_Noodles_t.jpg,8.26,/appcontent/images/category/foods-beverages.png,/appcontent/images/category/Foodsbeverages/brandedfood.png,14.5,Nestle,3-4 days
8901058843200,MAGGI 2-MINN Chicken 24x284g N1 IN,Goodness of Calcium & Protein,Y,,MAGGI 2-Minute Noodles is one of the largest & most loved food brands that defines the Instant Noodles category in India. The chicken flavor is much loved and a favorite of many! ,60,24,8901058843200,Other Branded Food,MAGGI,Food&Beverage,/appcontent/images/brand/nestle/MAGGI_O2-MINUTE_Noodles_t.jpg,/appcontent/images/brand/nestle/MAGGI_O2-MINUTE_Noodles_t.jpg,8.26,/appcontent/images/category/foods-beverages.png,/appcontent/images/category/Foodsbeverages/brandedfood.png,14.5,Nestle,3-4 days
8901058838893,NESTEA Instant Iced Tea Lemon 400g ,Enjoy its great Refreshingly Good Taste! Available in Lemon flavour.,,,NESTEA ICED TEA is a special blend of natural tea and natural fruit flavour enriched with the goodness of Vitamin C.,140,30,8901058838893,Beverages (Hot & Cold),NESTEA,Food&Beverage,/appcontent/images/brand/nestle/NESTEA_ICED_TEA_t_new.jpg,/appcontent/images/brand/nestle/NESTEA_ICED_TEA_t_new.jpg,6.54,/appcontent/images/category/foods-beverages.png,/appcontent/images/category/Foodsbeverages/beverages.png,14.5,Nestle,3-4 days
8901058838862,NESTEA Iced Tea Lemon 75g,Enjoy its great Refreshingly Good Taste! Available in Lemon flavour.,Y,,NESTEA ICED TEA is a special blend of natural tea and natural fruit flavour enriched with the goodness of Vitamin C.,30,160,8901058838862,Beverages (Hot & Cold),NESTEA,Food&Beverage,/appcontent/images/brand/nestle/NESTEA_ICED_TEA_t_new.jpg,/appcontent/images/brand/nestle/NESTEA_ICED_TEA_t_new.jpg,8.27,/appcontent/images/category/foods-beverages.png,/appcontent/images/category/Foodsbeverages/beverages.png,14.5,Nestle,3-4 days
8901058136623,NESCAFE Cappuccino (48X75g) N1 IN,,,,,100,48,8901058136623,Beverages (Hot & Cold),NESCAFE,Food&Beverage,/appcontent/images/brand/nestle/01_NESCAFE_CAPPUCCINO.jpg,/appcontent/images/brand/nestle/01_NESCAFE_CAPPUCCINO.jpg,6.55,/appcontent/images/category/foods-beverages.png,/appcontent/images/category/Foodsbeverages/beverages.png,14.5,Nestle,3-4 days
8901058136647,NESCAFE Choco Mocha (48X75g) N1 IN,,Y,,,100,48,8901058136647,Beverages (Hot & Cold),NESCAFE,Food&Beverage,/appcontent/images/brand/nestle/01_NESCAFE_CAPPUCCINO.jpg,/appcontent/images/brand/nestle/01_NESCAFE_CAPPUCCINO.jpg,6.55,/appcontent/images/category/foods-beverages.png,/appcontent/images/category/Foodsbeverages/beverages.png,14.5,Nestle,3-4 days
89006733,NESCAFE CLASSIC Jar 24x25g N2 IN, Coffee contains antioxidants that help you fight free radicals,,,Your favourite NESCAFe Classic is 100 pure NATURAL coffee.,65,24,89006733,Beverages (Hot & Cold),NESCAFe,Food&Beverage,/appcontent/images/brand/nestle/nescafe-classic-logo.jpg,/appcontent/images/brand/nestle/nescafe-classic-logo.jpg,6.55,/appcontent/images/category/foods-beverages.png,/appcontent/images/category/Foodsbeverages/beverages.png,14.5,Nestle,3-4 days
8901058826760,NESCAFE Classic Dawn Jar 50g, Coffee contains antioxidants that help you fight free radicals,Y,,Your favourite NESCAFe Classic is 100 pure NATURAL coffee.,130,24,8901058826760,Beverages (Hot & Cold),NESCAFe,Food&Beverage,/appcontent/images/brand/nestle/nescafe-classic-logo.jpg,/appcontent/images/brand/nestle/nescafe-classic-logo.jpg,6.55,/appcontent/images/category/foods-beverages.png,/appcontent/images/category/Foodsbeverages/beverages.png,5.5,Nestle,3-4 days
89006702,NESCAFE CLASSIC Dawn Jar  100g, Coffee contains antioxidants that help you fight free radicals,Y,,Your favourite NESCAFe Classic is 100 pure NATURAL coffee.,230,18,89006702,Beverages (Hot & Cold),NESCAFe,Food&Beverage,/appcontent/images/brand/nestle/nescafe-classic-logo.jpg,/appcontent/images/brand/nestle/nescafe-classic-logo.jpg,6.54,/appcontent/images/category/foods-beverages.png,/appcontent/images/category/Foodsbeverages/beverages.png,5.5,Nestle,3-4 days
8901058826760,NESCAFE CLASSIC Sachet  50g, Coffee contains antioxidants that help you fight free radicals,Y,,Your favourite NESCAFe Classic is 100 pure NATURAL coffee.,115,96,8901058826760,Beverages (Hot & Cold),NESCAFe,Food&Beverage,/appcontent/images/brand/nestle/nescafe-classic-logo.jpg,/appcontent/images/brand/nestle/nescafe-classic-logo.jpg,6.55,/appcontent/images/category/foods-beverages.png,/appcontent/images/category/Foodsbeverages/beverages.png,5.5,Nestle,3-4 days
8901058824902,NESTLE Classic 16(18x36g) IN,,Y,,,20,288,8901058824902,Beverages (Hot & Cold),NESTLE,Food&Beverage,/appcontent/images/brand/nestle/nescafe-classic-logo.jpg,/appcontent/images/brand/nestle/nescafe-classic-logo.jpg,10.3,/appcontent/images/category/foods-beverages.png,/appcontent/images/category/Foodsbeverages/beverages.png,14.5,Nestle,3-4 days
89006511,NESTLE Classic 24(24x18g) IN,,Y,,,10,576,89006511,Beverages (Hot & Cold),NESTLE,Food&Beverage,/appcontent/images/brand/nestle/nescafe-classic-logo.jpg,/appcontent/images/brand/nestle/nescafe-classic-logo.jpg,10.4,/appcontent/images/category/foods-beverages.png,/appcontent/images/category/Foodsbeverages/beverages.png,14.5,Nestle,3-4 days
8901058816044,NESCAFE CLASSIC Stabilo 200g , Coffee contains antioxidants that help you fight free radicals,Y,,Your favourite NESCAFe Classic is 100 pure NATURAL coffee.,425,32,8901058816044,Beverages (Hot & Cold),NESCAFe,Food&Beverage,/appcontent/images/brand/nestle/nescafe-classic-logo.jpg,/appcontent/images/brand/nestle/nescafe-classic-logo.jpg,6.54,/appcontent/images/category/foods-beverages.png,/appcontent/images/category/Foodsbeverages/beverages.png,5.5,Nestle,3-4 days
8901058838008,NESCAFE CLASSIC Bag Stabilo 500g , Coffee contains antioxidants that help you fight free radicals,Y,,Your favourite NESCAFe Classic is 100 pure NATURAL coffee.,925,12,8901058838008,Beverages (Hot & Cold),NESCAFe,Food&Beverage,/appcontent/images/brand/nestle/nescafe-classic-logo.jpg,/appcontent/images/brand/nestle/nescafe-classic-logo.jpg,6.54,/appcontent/images/category/foods-beverages.png,/appcontent/images/category/Foodsbeverages/beverages.png,5.5,Nestle,3-4 days
8901058824360,SUNRISE PRMUM Sac 100g,Contains added Natural and Nature identical flavoring substances,,,NESCAFe SUNRISE PREMIUM is made with fine blends of Arabica and Robusta coffee beans.Coffee 70.,140,72,8901058824360,Beverages (Hot & Cold),NESCAFe SUNRISE PREMIUM,Food&Beverage,/appcontent/images/brand/nestle/nescafe_sunrise.jpg,/appcontent/images/brand/nestle/nescafe_sunrise.jpg,6.54,/appcontent/images/category/foods-beverages.png,/appcontent/images/category/Foodsbeverages/beverages.png,5.5,Nestle,3-4 days
8901058135701,SUNRISE PRMUM Stabilo 200g ,Contains added Natural and Nature identical flavoring substances,Y,,NESCAFe SUNRISE PREMIUM is made with fine blends of Arabica and Robusta coffee beans.Coffee 70.,325,32,8901058135701,Beverages (Hot & Cold),NESCAFe SUNRISE PREMIUM,Food&Beverage,/appcontent/images/brand/nestle/nescafe_sunrise.jpg,/appcontent/images/brand/nestle/nescafe_sunrise.jpg,6.54,/appcontent/images/category/foods-beverages.png,/appcontent/images/category/Foodsbeverages/beverages.png,5.5,Nestle,3-4 days
8901058135725,SUNRISE PREMIUM Sachet  50g ,Contains added Natural and Nature identical flavoring substances,Y,,NESCAFe SUNRISE PREMIUM is made with fine blends of Arabica and Robusta coffee beans.Coffee 70.,90,96,8901058135725,Beverages (Hot & Cold),NESCAFe SUNRISE PREMIUM,Food&Beverage,/appcontent/images/brand/nestle/nescafe_sunrise.jpg,/appcontent/images/brand/nestle/nescafe_sunrise.jpg,6.54,/appcontent/images/category/foods-beverages.png,/appcontent/images/category/Foodsbeverages/beverages.png,5.5,Nestle,3-4 days
8901058821482,SUNRISE PRMUM Dawn Jar 50g N1 IN,Contains added Natural and Nature identical flavoring substances,Y,,NESCAFe SUNRISE PREMIUM is made with fine blends of Arabica and Robusta coffee beans.Coffee 70.,100,24,8901058821482,Beverages (Hot & Cold),NESCAFe SUNRISE PREMIUM,Food&Beverage,/appcontent/images/brand/nestle/nescafe_sunrise.jpg,/appcontent/images/brand/nestle/nescafe_sunrise.jpg,6.54,/appcontent/images/category/foods-beverages.png,/appcontent/images/category/Foodsbeverages/beverages.png,5.5,Nestle,3-4 days
8901058839586,SUNRISE PREMIUM Stabilo 500g ,Contains added Natural and Nature identical flavoring substances,Y,,NESCAFe SUNRISE PREMIUM is made with fine blends of Arabica and Robusta coffee beans.Coffee 70.,660,12,8901058839586,Beverages (Hot & Cold),NESCAFe SUNRISE PREMIUM,Food&Beverage,/appcontent/images/brand/nestle/nescafe_sunrise.jpg,/appcontent/images/brand/nestle/nescafe_sunrise.jpg,6.54,/appcontent/images/category/foods-beverages.png,/appcontent/images/category/Foodsbeverages/beverages.png,5.5,Nestle,3-4 days
8901058839456,NESCAFE SUNRISE Sachet 432x8.5g IN,,Y,,,10,432,8901058839456,Beverages (Hot & Cold),SUNRISE,Food&Beverage,/appcontent/images/brand/nestle/nescafe_sunrise.jpg,/appcontent/images/brand/nestle/nescafe_sunrise.jpg,8.3,/appcontent/images/category/foods-beverages.png,/appcontent/images/category/Foodsbeverages/beverages.png,5.5,Nestle,3-4 days
8901058815986,SUNRISE EXTRA Sachet 12(5x200g) IN,,Y,,,690,12,8901058815986,Beverages (Hot & Cold),SUNRISE,Food&Beverage,/appcontent/images/brand/nestle/nescafe_sunrise.jpg,/appcontent/images/brand/nestle/nescafe_sunrise.jpg,4.76,/appcontent/images/category/foods-beverages.png,/appcontent/images/category/Foodsbeverages/beverages.png,5.5,Nestle,3-4 days
8901058815900,SUNRISE EXTRA Pouch 12x1kg IN,,Y,,,660,12,8901058815900,Beverages (Hot & Cold),SUNRISE,Food&Beverage,/appcontent/images/brand/nestle/nescafe_sunrise.jpg,/appcontent/images/brand/nestle/nescafe_sunrise.jpg,6.54,/appcontent/images/category/foods-beverages.png,/appcontent/images/category/Foodsbeverages/beverages.png,5.5,Nestle,3-4 days
8901058815948,SUNRISE EXTRA Pouch 24x500g IN,,Y,,,333,24,8901058815948,Beverages (Hot & Cold),SUNRISE,Food&Beverage,/appcontent/images/brand/nestle/nescafe_sunrise.jpg,/appcontent/images/brand/nestle/nescafe_sunrise.jpg,7.3,/appcontent/images/category/foods-beverages.png,/appcontent/images/category/Foodsbeverages/beverages.png,5.5,Nestle,3-4 days
8901058839586,SUNRISE PREMIUM Stabilo 500g ,Contains added Natural and Nature identical flavoring substances,Y,,NESCAFe SUNRISE PREMIUM is made with fine blends of Arabica and Robusta coffee beans.Coffee 70.,660,12,8901058839586,Beverages (Hot & Cold),NESCAFe SUNRISE PREMIUM,Food&Beverage,/appcontent/images/brand/nestle/nescafe_sunrise.jpg,/appcontent/images/brand/nestle/nescafe_sunrise.jpg,6.54,/appcontent/images/category/foods-beverages.png,/appcontent/images/category/Foodsbeverages/beverages.png,5.5,Nestle,3-4 days
89006962,KIT KAT 1F MINI 24(48x7g) IN,,,,,5,1152,89006962,Confectionery,KIT KAT,Food&Beverage,/appcontent/images/brand/nestle/kit-kat_v3.jpg,/appcontent/images/brand/nestle/kit-kat_v3.jpg,9.2,/appcontent/images/category/foods-beverages.png,/appcontent/images/category/Foodsbeverages/confectionery.png,14.5,Nestle,3-4 days
89006955,KIT KAT 2 F MINI 32(36x12.8g) N1 IN,,Y,,,10,1152,89006955,Confectionery,KIT KAT,Food&Beverage,/appcontent/images/brand/nestle/kit-kat_v3.jpg,/appcontent/images/brand/nestle/kit-kat_v3.jpg,9.1,/appcontent/images/category/foods-beverages.png,/appcontent/images/category/Foodsbeverages/confectionery.png,14.5,Nestle,3-4 days
89005637,KIT KAT 2 Finger 18(40x18g) N1 IN,,Y,,,15,720,89005637,Confectionery,KIT KAT,Food&Beverage,/appcontent/images/brand/nestle/kit-kat_v3.jpg,/appcontent/images/brand/nestle/kit-kat_v3.jpg,9.2,/appcontent/images/category/foods-beverages.png,/appcontent/images/category/Foodsbeverages/confectionery.png,14.5,Nestle,3-4 days
8901058144345,KIT KAT 3 Finger 18(24x27.5g) IN,,Y,,,20,432,8901058144345,Confectionery,KIT KAT,Food&Beverage,/appcontent/images/brand/nestle/kit-kat_v3.jpg,/appcontent/images/brand/nestle/kit-kat_v3.jpg,9.1,/appcontent/images/category/foods-beverages.png,/appcontent/images/category/Foodsbeverages/confectionery.png,14.5,Nestle,3-4 days
8901058143102,KIT KAT 4 Finger 18(18x37.3g) IN,,Y,,,25,324,8901058143102,Confectionery,KIT KAT,Food&Beverage,/appcontent/images/brand/nestle/kit-kat_v3.jpg,/appcontent/images/brand/nestle/kit-kat_v3.jpg,9.16,/appcontent/images/category/foods-beverages.png,/appcontent/images/category/Foodsbeverages/confectionery.png,14.5,Nestle,3-4 days
8901058838350,KIT KAT Fmly Pk 6X2F (120x76.8g) N1 IN,,Y,,,60,120,8901058838350,Confectionery,KIT KAT,Food&Beverage,/appcontent/images/brand/nestle/kit-kat_v3.jpg,/appcontent/images/brand/nestle/kit-kat_v3.jpg,9.09,/appcontent/images/category/foods-beverages.png,/appcontent/images/category/Foodsbeverages/confectionery.png,14.5,Nestle,3-4 days
8901058838336,KITKAT Pch 10X2F Mini (64x128g) N1 IN,,Y,,,100,64,8901058838336,Confectionery,KIT KAT,Food&Beverage,/appcontent/images/brand/nestle/kit-kat_v3.jpg,/appcontent/images/brand/nestle/kit-kat_v3.jpg,9.09,/appcontent/images/category/foods-beverages.png,/appcontent/images/category/Foodsbeverages/confectionery.png,14.5,Nestle,3-4 days
8901058827330,KIT KAT SENSES Dark 4F 37.3g,Made with slow churned chocolate for a rich smooth taste,,,KITKAT SENSES is wafer coated with slow churned chocolate,50,360,8901058827330,Confectionery,Nestle KITKAT SENSES,Food&Beverage,/appcontent/images/brand/nestle/kitkat-senses-logo.jpg,/appcontent/images/brand/nestle/kitkat-senses-logo.jpg,9.12,/appcontent/images/category/foods-beverages.png,/appcontent/images/category/Foodsbeverages/confectionery.png,14.5,Nestle,3-4 days
89007372,NESTLE BARONE Ctln 24(30x15g) IN,,,,,5,720,89007372,Confectionery,BAR ONE,Food&Beverage,/appcontent/images/brand/nestle/01_barone_updated.jpg,/appcontent/images/brand/nestle/01_barone_updated.jpg,10.4,/appcontent/images/category/foods-beverages.png,/appcontent/images/category/Foodsbeverages/confectionery.png,14.5,Nestle,3-4 days
89007365,NESTLE BARONE Ctln 16(24x27.5g) IN,,Y,,,10,384,89007365,Confectionery,BAR ONE,Food&Beverage,/appcontent/images/brand/nestle/01_barone_updated.jpg,/appcontent/images/brand/nestle/01_barone_updated.jpg,10.4,/appcontent/images/category/foods-beverages.png,/appcontent/images/category/Foodsbeverages/confectionery.png,14.5,Nestle,3-4 days
89005958,MUNCH Chotu 3.6g,,,,"NESTLe MUNCH is the country’s most loved wafer choco-layer range of product.A great combination of rich, crunchy wafer and choco-layer has made every variant of NESTLe MUNCH a delicious treat for fans across the country.",2,990,89005958,Confectionery,Nestle MUNCH,Food&Beverage,/appcontent/images/brand/nestle/nestle_munch.png,/appcontent/images/brand/nestle/nestle_munch.png,9,/appcontent/images/category/foods-beverages.png,/appcontent/images/category/Foodsbeverages/confectionery.png,14.5,Nestle,3-4 days
89006849,MUNCH Maha 24(24x10.1g) IN,,Y,,"NESTLe MUNCH is the country’s most loved wafer choco-layer range of product.A great combination of rich, crunchy wafer and choco-layer has made every variant of NESTLe MUNCH a delicious treat for fans across the country.",5,576,89006849,Confectionery,Nestle MUNCH,Food&Beverage,/appcontent/images/brand/nestle/nestle_munch.png,/appcontent/images/brand/nestle/nestle_munch.png,10.4,/appcontent/images/category/foods-beverages.png,/appcontent/images/category/Foodsbeverages/confectionery.png,14.5,Nestle,3-4 days
8901058842296,NESTLE MUNCH Nuts 18(16x32g) IN,,Y,,,20,288,8901058842296,Confectionery,Nestle MUNCH,Food&Beverage,/appcontent/images/brand/nestle/nestle_munch.png,/appcontent/images/brand/nestle/nestle_munch.png,10.3,/appcontent/images/category/foods-beverages.png,/appcontent/images/category/Foodsbeverages/confectionery.png,14.5,Nestle,3-4 days
8901058819939,MUNCH 4X4 23g,,Y,,"NESTLe MUNCH is the country’s most loved wafer choco-layer range of product.A great combination of rich, crunchy wafer and choco-layer has made every variant of NESTLe MUNCH a delicious treat for fans across the country.",10,336,8901058819939,Confectionery,Nestle MUNCH,Food&Beverage,/appcontent/images/brand/nestle/nestle_munch.png,/appcontent/images/brand/nestle/nestle_munch.png,10.4,/appcontent/images/category/foods-beverages.png,/appcontent/images/category/Foodsbeverages/confectionery.png,14.5,Nestle,3-4 days
8901058837599,MUNCH Maha Pouch 151.5g,,Y,,"NESTLe MUNCH is the country’s most loved wafer choco-layer range of product.A great combination of rich, crunchy wafer and choco-layer has made every variant of NESTLe MUNCH a delicious treat for fans across the country.",100,28,8901058837599,Confectionery,Nestle MUNCH,Food&Beverage,/appcontent/images/brand/nestle/nestle_munch.png,/appcontent/images/brand/nestle/nestle_munch.png,10.31,/appcontent/images/category/foods-beverages.png,/appcontent/images/category/Foodsbeverages/confectionery.png,14.5,Nestle,3-4 days
8901058827200,MUNCH Home (10x7.2g) ,,Y,,"NESTLe MUNCH is the country’s most loved wafer choco-layer range of product.A great combination of rich, crunchy wafer and choco-layer has made every variant of NESTLe MUNCH a delicious treat for fans across the country.",45,75,8901058827200,Confectionery,Nestle MUNCH,Food&Beverage,/appcontent/images/brand/nestle/nestle_munch.png,/appcontent/images/brand/nestle/nestle_munch.png,9.09,/appcontent/images/category/foods-beverages.png,/appcontent/images/category/Foodsbeverages/confectionery.png,14.5,Nestle,3-4 days
89006757,MILKYBAR CHOO 30(28x10g) IN,,,,,5,840,89006757,Confectionery,MILKYBAR,Food&Beverage,/appcontent/images/brand/nestle/02_milkybar_logo_choo.jpg,/appcontent/images/brand/nestle/02_milkybar_logo_choo.jpg,10.4,/appcontent/images/category/foods-beverages.png,/appcontent/images/category/Foodsbeverages/confectionery.png,14.5,Nestle,3-4 days
89006764,MILKYBAR CHOO Strawberry 30(28x10g) IN,,Y,,,5,840,89006764,Confectionery,MILKYBAR,Food&Beverage,/appcontent/images/brand/nestle/02_milkybar_logo_choo.jpg,/appcontent/images/brand/nestle/02_milkybar_logo_choo.jpg,10.4,/appcontent/images/category/foods-beverages.png,/appcontent/images/category/Foodsbeverages/confectionery.png,14.5,Nestle,3-4 days
89006771,MILKYBAR CHOO Choko 30(28x10g) IN,,Y,,,5,840,89006771,Confectionery,MILKYBAR,Food&Beverage,/appcontent/images/brand/nestle/02_milkybar_logo_choo.jpg,/appcontent/images/brand/nestle/02_milkybar_logo_choo.jpg,10.4,/appcontent/images/category/foods-beverages.png,/appcontent/images/category/Foodsbeverages/confectionery.png,14.5,Nestle,3-4 days
8901058826258,MILKYBAR CHOO Orange 30(28x10g) IN,,Y,,,5,840,8901058826258,Confectionery,MILKYBAR,Food&Beverage,/appcontent/images/brand/nestle/02_milkybar_logo_choo.jpg,/appcontent/images/brand/nestle/02_milkybar_logo_choo.jpg,10.4,/appcontent/images/category/foods-beverages.png,/appcontent/images/category/Foodsbeverages/confectionery.png,14.5,Nestle,3-4 days
8901058838497,MILKYBAR MOULD (30x6.5g),"PLAY, EAT AND LEARN WITH NESTLe MILKYBAR",,,New NESTLe MILKYBAR is a delightful sweet treat with the Goodness of Milk & the Fun of Puzzles on every Bar,5,900,8901058838497,Confectionery,Nestle MILKYBAR,Food&Beverage,/appcontent/images/brand/nestle/02_milkybar_logo_choo.jpg,/appcontent/images/brand/nestle/02_milkybar_logo_choo.jpg,10.4,/appcontent/images/category/foods-beverages.png,/appcontent/images/category/Foodsbeverages/confectionery.png,14.5,Nestle,3-4 days
89006931,MILKYBAR MOULD (24x13g) ,"PLAY, EAT AND LEARN WITH NESTLe MILKYBAR",Y,,New NESTLe MILKYBAR is a delightful sweet treat with the Goodness of Milk & the Fun of Puzzles on every Bar,10,288,89006931,Confectionery,Nestle MILKYBAR,Food&Beverage,/appcontent/images/brand/nestle/02_milkybar_logo_choo.jpg,/appcontent/images/brand/nestle/02_milkybar_logo_choo.jpg,10.4,/appcontent/images/category/foods-beverages.png,/appcontent/images/category/Foodsbeverages/confectionery.png,14.5,Nestle,3-4 days
89006948,MILKYBAR MOULD (24x26g) ,"PLAY, EAT AND LEARN WITH NESTLe MILKYBAR",Y,,New NESTLe MILKYBAR is a delightful sweet treat with the Goodness of Milk & the Fun of Puzzles on every Bar,20,288,89006948,Confectionery,Nestle MILKYBAR,Food&Beverage,/appcontent/images/brand/nestle/02_milkybar_logo_choo.jpg,/appcontent/images/brand/nestle/02_milkybar_logo_choo.jpg,10.35,/appcontent/images/category/foods-beverages.png,/appcontent/images/category/Foodsbeverages/confectionery.png,14.5,Nestle,3-4 days
8901058838312,MB Multipack (6X13g) ,"PLAY, EAT AND LEARN WITH NESTLe MILKYBAR",,,New NESTLe MILKYBAR is a delightful sweet treat with the Goodness of Milk & the Fun of Puzzles on every Bar,50,84,8901058838312,Confectionery,Nestle MILKYBAR,Food&Beverage,/appcontent/images/brand/nestle/02_milkybar_logo_choo.jpg,/appcontent/images/brand/nestle/02_milkybar_logo_choo.jpg,10.34,/appcontent/images/category/foods-beverages.png,/appcontent/images/category/Foodsbeverages/confectionery.png,14.5,Nestle,3-4 days
8901058821130,Nestle ALPINO 22g,Designed and destined to be shared,,,"Delicious Center Filled Bonbons, each with a message of love",30,192,8901058821130,Confectionery,Nestle ALPINO,Food&Beverage,/appcontent/images/brand/nestle/alpino_updated.jpg,/appcontent/images/brand/nestle/alpino_updated.jpg,10.37,/appcontent/images/category/foods-beverages.png,/appcontent/images/category/Foodsbeverages/confectionery.png,14.5,Nestle,3-4 days
8901058826579,POLO Mint Roll  31.2g,"Enjoy the new fresher POLO, with the goodness of natural mint flavor.",,,"POLO, the iconic mint with the hole, is now fresher with an improved mintier recipe and the goodness of natural mint flavour.",10,408,8901058826579,Confectionery,POLO,Food&Beverage,/appcontent/images/brand/nestle/01_polo_new1.jpg,/appcontent/images/brand/nestle/01_polo_new1.jpg,13.1,/appcontent/images/category/foods-beverages.png,/appcontent/images/category/Foodsbeverages/confectionery.png,14.5,Nestle,3-4 days
8901058837452,POLO Mint Roll  17.16g,"Enjoy the new fresher POLO, with the goodness of natural mint flavor.",Y,,"POLO, the iconic mint with the hole, is now fresher with an improved mintier recipe and the goodness of natural mint flavour.",5,594,8901058837452,Confectionery,POLO,Food&Beverage,/appcontent/images/brand/nestle/01_polo_new1.jpg,/appcontent/images/brand/nestle/01_polo_new1.jpg,16,/appcontent/images/category/foods-beverages.png,/appcontent/images/category/Foodsbeverages/confectionery.png,14.5,Nestle,3-4 days
8901058824582,MILKYBAR Eclairs polybag 340 g,Milkybar Eclairs has delicious milky taste and are best enjoyed as part of balanced and active lifestyle,,,"Nestle MILKYBAR eclairs has that delicious milky taste that moms and kids love, wrapped in a succulent caramel shell. Enjoy as part of a balanced and active lifestyle!",100,36,8901058824582,Confectionery,MILKYBAR Eclairs,Food&Beverage,/appcontent/images/brand/nestle/milkybar_eclairs.jpg,/appcontent/images/brand/nestle/milkybar_eclairs.jpg,15.97,/appcontent/images/category/foods-beverages.png,/appcontent/images/category/Foodsbeverages/confectionery.png,14.5,Nestle,3-4 days
8901058841817,MILKYBAR Eclairs polybag 170 g,Milkybar Eclairs has delicious milky taste and are best enjoyed as part of balanced and active lifestyle,Y,,"Nestle MILKYBAR eclairs has that delicious milky taste that moms and kids love, wrapped in a succulent caramel shell. Enjoy as part of a balanced and active lifestyle!",50,30,8901058841817,Confectionery,MILKYBAR Eclairs,Food&Beverage,/appcontent/images/brand/nestle/milkybar_eclairs.jpg,/appcontent/images/brand/nestle/milkybar_eclairs.jpg,12.3,/appcontent/images/category/foods-beverages.png,/appcontent/images/category/Foodsbeverages/confectionery.png,14.5,Nestle,3-4 days
8901058824605,NESTLE ECLS Pbg 30(120X2.4g) IN,,Y,,,60,30,8901058824605,Confectionery,Eaclairs,Food&Beverage,/appcontent/images/brand/nestle/milkybar_eclairs.jpg,/appcontent/images/brand/nestle/milkybar_eclairs.jpg,13.79,/appcontent/images/category/foods-beverages.png,/appcontent/images/category/Foodsbeverages/confectionery.png,14.5,Nestle,3-4 days
8901058824629,CARAMEL Eclairs Pbg 30(100X3.4g) IN,,Y,,"Nestle Caramel eclairs have a deliciously soft, caramel shell and creamy filling. It’s the perfect single serve indulgence for you.",100,30,8901058824629,Confectionery,Eaclairs,Food&Beverage,/appcontent/images/brand/nestle/milkybar_eclairs.jpg,/appcontent/images/brand/nestle/milkybar_eclairs.jpg,15.97,/appcontent/images/category/foods-beverages.png,/appcontent/images/category/Foodsbeverages/confectionery.png,14.5,Nestle,3-4 days
8901058840322,CARAMEL ECLR Jar 15(230*3.4g) PR 5Unt IN,,Y,,"Nestle Caramel eclairs have a deliciously soft, caramel shell and creamy filling. It’s the perfect single serve indulgence for you.",225,15,8901058840322,Confectionery,Eaclairs,Food&Beverage,/appcontent/images/brand/nestle/milkybar_eclairs.jpg,/appcontent/images/brand/nestle/milkybar_eclairs.jpg,12.28,/appcontent/images/category/foods-beverages.png,/appcontent/images/category/Foodsbeverages/confectionery.png,14.5,Nestle,3-4 days
8901058117226,NESTLE EVERYDAY Ghee CEKA 16 x 1L IN,,,,,380,16,8901058117226,Confectionery,Ghee,Food&Beverage,/appcontent/images/brand/nestle/NESTLe_EVERYDAY_Ghee_t.jpg,/appcontent/images/brand/nestle/NESTLe_EVERYDAY_Ghee_t.jpg,7.41,/appcontent/images/category/foods-beverages.png,/appcontent/images/category/Foodsbeverages/confectionery.png,5.5,Nestle,3-4 days
